Model,Precision,Recall,F1-Score
ner_model_after_epoch_1,0.7044025157232704,0.8235294117647058,0.7593220338983051
ner_model_after_epoch_4,0.7414965986394558,0.8014705882352942,0.7703180212014135
ner_model_after_epoch_6,0.7248322147651006,0.7941176470588235,0.7578947368421053
ner_model_after_epoch_10,0.7569444444444444,0.8014705882352942,0.7785714285714286
