Gazetteer,Spacy: 10 Epochen,Spacy Basis Modell DE,BERT NER
0.7333333333333333,0.7333333333333333,0.58,0.4266666666666667
