Regex,spaCy Custom,spaCy Base,Bert NER
0.7133333333333334,0.6933333333333334,0.5933333333333334,0.4066666666666667
