Model,Precision,Recall,F1-Score
ner_model_after_epoch_1,0.8812949640287769,0.875,0.8781362007168458
ner_model_after_epoch_4,0.9125475285171103,0.8571428571428571,0.8839779005524862
ner_model_after_epoch_6,0.9029850746268657,0.8642857142857143,0.8832116788321168
ner_model_after_epoch_10,0.9307692307692308,0.8642857142857143,0.8962962962962963
