Gazetteer,Spacy: 10 Epochen,spaCy Basis Modell DE,BERT NER
0.7133333333333334,0.7133333333333334,0.5533333333333333,0.4066666666666667
