Model,Precision,Recall,F1-Score
Gazetteer,0.9477911646586346,0.8428571428571429,0.8922495274102079
Spacy: 10 Epochen,0.9307692307692308,0.8642857142857143,0.8962962962962963
Spacy Basis Modell DE,0.5321782178217822,0.7678571428571429,0.6286549707602339
BERT NER,0.6631578947368421,0.675,0.6690265486725664
