Methode,Precision,Recall,F1-Score
Regex,1.0,0.8991596638655462,0.9469026548672567
spaCy Custom,1.0,0.8571428571428571,0.9230769230769231
